site_id,runoff_type,sample_type,start,end,cl,cl_sign
crwd-5,Baseflow,Grab,4/13/05 14:15,4/13/05 14:15,109,NA
crwd-5,Baseflow,Composite,5/3/05 13:00,5/4/05 13:20,121,NA
crwd-5,Baseflow,Grab,7/8/05 12:30,7/8/05 12:30,122,NA
crwd-5,Baseflow,Composite,7/14/05 18:56,7/15/05 11:33,98,NA
crwd-5,Baseflow,Composite,8/22/05 13:47,8/24/05 9:41,121,NA
crwd-5,Baseflow,Grab,8/30/05 9:40,8/30/05 9:40,NA,NA
crwd-5,Baseflow,Grab,11/23/05 14:15,11/23/05 14:15,118,NA
crwd-5,Baseflow,Grab,1/12/06 14:20,1/12/06 14:20,368,NA
crwd-5,Baseflow,Grab,2/28/06 10:55,2/28/06 10:55,101,NA
crwd-5,Baseflow,Grab,4/18/06 14:00,4/18/06 14:00,107,NA
crwd-5,Baseflow,Composite,5/25/06 10:22,5/25/06 18:50,50,NA
crwd-5,Baseflow,Grab,6/14/06 11:30,6/14/06 11:30,NA,NA
crwd-5,Baseflow,Composite,6/14/06 11:33,6/15/06 10:14,116,NA
crwd-5,Baseflow,Grab,6/22/06 11:35,6/22/06 11:35,NA,NA
crwd-5,Baseflow,Composite,6/22/06 12:40,6/23/06 9:40,134,NA
crwd-5,Baseflow,Composite,7/6/06 11:57,7/7/06 6:29,113,NA
crwd-5,Baseflow,Grab,7/6/06 12:00,7/6/06 12:00,NA,NA
crwd-5,Baseflow,Grab,7/24/06 11:40,7/24/06 11:40,NA,NA
crwd-5,Baseflow,Composite,7/24/06 12:16,7/24/06 17:59,100,NA
crwd-5,Baseflow,Grab,8/16/06 11:20,8/16/06 11:20,NA,NA
crwd-5,Baseflow,Grab,8/17/06 10:25,8/17/06 10:25,107,NA
crwd-5,Baseflow,Grab,8/30/06 11:15,8/30/06 11:15,NA,NA
crwd-5,Baseflow,Composite,8/30/06 11:51,8/31/06 1:44,115,NA
crwd-5,Baseflow,Grab,10/5/06 11:45,10/5/06 11:45,NA,NA
crwd-5,Baseflow,Grab,10/6/06 13:25,10/6/06 13:25,118,NA
crwd-5,Baseflow,Grab,11/7/06 13:30,11/7/06 13:30,112,NA
crwd-5,Baseflow,Grab,12/14/06 10:55,12/14/06 10:55,115,NA
crwd-5,Baseflow,Grab,1/9/07 11:15,1/9/07 11:15,118,NA
crwd-5,Baseflow,Grab,4/19/07 12:20,4/19/07 12:20,NA,NA
crwd-5,Baseflow,Grab,7/23/07 11:00,7/23/07 11:00,NA,NA
crwd-5,Baseflow,Composite,7/23/07 11:26,7/24/07 10:09,90,NA
crwd-5,Baseflow,Grab,7/31/07 10:35,7/31/07 10:35,NA,NA
crwd-5,Baseflow,Grab,8/1/07 10:19,8/1/07 10:19,86,NA
crwd-5,Baseflow,Grab,8/16/07 9:46,8/16/07 9:46,NA,NA
crwd-5,Baseflow,Composite,8/16/07 10:07,8/17/07 9:18,109,NA
crwd-5,Baseflow,Grab,8/30/07 10:05,8/30/07 10:05,NA,NA
crwd-5,Baseflow,Composite,8/30/07 10:26,8/31/07 9:55,104,NA
crwd-5,Baseflow,Grab,9/12/07 10:11,9/12/07 10:11,NA,NA
crwd-5,Baseflow,Composite,9/12/07 10:31,9/13/07 8:36,116,NA
crwd-5,Baseflow,Grab,10/10/07 9:45,10/10/07 9:45,NA,NA
crwd-5,Baseflow,Grab,10/11/07 9:58,10/11/07 9:58,106,NA
crwd-5,Baseflow,Grab,10/25/07 9:56,10/25/07 9:56,NA,NA
crwd-5,Baseflow,Composite,10/25/07 10:26,10/25/07 23:04,113,NA
crwd-5,Baseflow,Grab,3/26/08 9:30,3/26/08 9:30,129,NA
crwd-5,Baseflow,Grab,4/28/08 10:10,4/28/08 10:10,NA,NA
crwd-5,Baseflow,Composite,4/28/08 10:32,4/29/08 8:43,114,NA
crwd-5,Baseflow,Grab,5/15/08 9:30,5/15/08 9:30,NA,NA
crwd-5,Baseflow,Composite,5/15/08 10:23,5/16/08 8:48,116,NA
crwd-5,Baseflow,Grab,5/28/08 10:00,5/28/08 10:00,NA,NA
crwd-5,Baseflow,Composite,5/28/08 10:24,5/29/08 8:29,110,NA
crwd-5,Baseflow,Grab,6/10/08 9:10,6/10/08 9:10,NA,NA
crwd-5,Baseflow,Composite,6/10/08 11:07,6/11/08 1:20,NA,NA
crwd-5,Baseflow,Grab,6/19/08 9:43,6/19/08 9:43,NA,NA
crwd-5,Baseflow,Composite,6/19/08 10:31,6/20/08 8:20,121,NA
crwd-5,Baseflow,Grab,7/9/08 11:24,7/9/08 11:24,NA,NA
crwd-5,Baseflow,Composite,7/9/08 18:48,7/9/08 23:31,116,NA
crwd-5,Baseflow,Grab,7/22/08 10:32,7/22/08 10:32,NA,NA
crwd-5,Baseflow,Composite,7/22/08 14:19,7/23/08 13:43,114,NA
crwd-5,Baseflow,Grab,8/6/08 9:07,8/6/08 9:07,NA,NA
crwd-5,Baseflow,Composite,8/6/08 9:29,8/6/08 9:54,124,NA
crwd-5,Baseflow,Grab,8/18/08 9:45,8/18/08 9:45,NA,NA
crwd-5,Baseflow,Composite,8/18/08 10:06,8/19/08 10:22,156,NA
crwd-5,Baseflow,Grab,9/3/08 10:01,9/3/08 10:01,NA,NA
crwd-5,Baseflow,Composite,9/3/08 10:20,9/3/08 22:26,119,NA
crwd-5,Baseflow,Grab,9/17/08 10:30,9/17/08 10:30,NA,NA
crwd-5,Baseflow,Composite,9/17/08 11:03,9/17/08 23:19,123,NA
crwd-5,Baseflow,Grab,10/20/08 11:02,10/20/08 11:02,NA,NA
crwd-5,Baseflow,Composite,10/20/08 11:17,10/21/08 8:12,126,NA
crwd-5,Baseflow,Grab,11/3/08 11:00,11/3/08 11:00,NA,NA
crwd-5,Baseflow,Composite,11/3/08 12:35,11/4/08 10:12,126,NA
crwd-5,Baseflow,Grab,1/21/09 11:10,1/21/09 11:10,151,NA
crwd-5,Baseflow,Grab,2/23/09 11:10,2/23/09 11:10,129,NA
crwd-5,Baseflow,Grab,3/27/09 9:00,3/27/09 9:00,121,NA
crwd-5,Baseflow,Grab,4/7/09 10:50,4/7/09 10:50,120,NA
crwd-5,Baseflow,Grab,4/23/09 10:15,4/23/09 10:15,NA,NA
crwd-5,Baseflow,Composite,4/23/09 10:51,4/24/09 8:24,133,NA
crwd-5,Baseflow,Grab,5/11/09 12:00,5/11/09 12:00,NA,NA
crwd-5,Baseflow,Composite,5/11/09 16:49,5/12/09 9:35,127,NA
crwd-5,Baseflow,Grab,5/28/09 11:24,5/28/09 11:24,NA,NA
crwd-5,Baseflow,Composite,5/28/09 12:00,5/29/09 5:33,127,NA
crwd-5,Baseflow,Grab,6/11/09 11:42,6/11/09 11:42,NA,NA
crwd-5,Baseflow,Composite,6/11/09 12:01,6/12/09 9:14,126,NA
crwd-5,Baseflow,Grab,7/1/09 11:20,7/1/09 11:20,NA,NA
crwd-5,Baseflow,Composite,7/1/09 11:42,7/2/09 11:07,114,NA
crwd-5,Baseflow,Grab,7/16/09 12:10,7/16/09 12:10,NA,NA
crwd-5,Baseflow,Composite,7/16/09 12:31,7/17/09 10:29,119,NA
crwd-5,Baseflow,Grab,7/28/09 11:05,7/28/09 11:05,NA,NA
crwd-5,Baseflow,Composite,7/28/09 11:40,7/29/09 10:25,117,NA
crwd-5,Baseflow,Grab,8/12/09 10:25,8/12/09 10:25,NA,NA
crwd-5,Baseflow,Composite,8/12/09 21:28,8/13/09 9:55,118,NA
crwd-5,Baseflow,Grab,8/27/09 12:00,8/27/09 12:00,NA,NA
crwd-5,Baseflow,Composite,8/27/09 12:19,8/28/09 7:42,121,NA
crwd-5,Baseflow,Grab,9/9/09 12:40,9/9/09 12:40,108,NA
crwd-5,Baseflow,Grab,9/16/09 13:40,9/16/09 13:40,NA,NA
crwd-5,Baseflow,Composite,9/16/09 13:58,9/17/09 10:32,121,NA
crwd-5,Baseflow,Grab,9/29/09 9:55,9/29/09 9:55,NA,NA
crwd-5,Baseflow,Composite,9/29/09 10:33,9/30/09 9:42,119,NA
crwd-5,Baseflow,Grab,10/28/09 11:10,10/28/09 11:10,116,NA
crwd-5,Baseflow,Grab,12/11/09 10:05,12/11/09 10:05,125,NA
crwd-5,Baseflow,Grab,1/11/10 11:35,1/11/10 11:35,123,NA
crwd-5,Baseflow,Grab,2/10/10 11:45,2/10/10 11:45,166,NA
crwd-5,Baseflow,Grab,3/18/10 9:50,3/18/10 9:50,129,NA
crwd-5,Baseflow,Grab,4/12/10 11:05,4/12/10 11:05,121,NA
crwd-5,Baseflow,Grab,4/29/10 10:55,4/29/10 10:55,132,NA
crwd-5,Baseflow,Grab,5/19/10 10:05,5/19/10 10:05,NA,NA
crwd-5,Baseflow,Composite,5/19/10 21:17,5/20/10 8:40,115,NA
crwd-5,Baseflow,Grab,6/17/10 10:25,6/17/10 10:25,121,NA
crwd-5,Baseflow,Grab,7/1/10 9:55,7/1/10 9:55,NA,NA
crwd-5,Baseflow,Composite,7/1/10 14:44,7/2/10 8:28,127,NA
crwd-5,Baseflow,Grab,7/15/10 10:42,7/15/10 10:42,117,NA
crwd-5,Baseflow,Grab,8/5/10 11:14,8/5/10 11:14,NA,NA
crwd-5,Baseflow,Composite,8/5/10 15:20,8/6/10 1:27,115,NA
crwd-5,Baseflow,Grab,8/25/10 9:55,8/25/10 9:55,NA,NA
crwd-5,Baseflow,Composite,8/25/10 10:19,8/26/10 9:37,124,NA
crwd-5,Baseflow,Grab,9/28/10 10:15,9/28/10 10:15,NA,NA
crwd-5,Baseflow,Grab,10/11/10 10:05,10/11/10 10:05,118,NA
crwd-5,Baseflow,Grab,11/2/10 9:40,11/2/10 9:40,119,NA
crwd-5,Baseflow,Grab,12/8/10 11:50,12/8/10 11:50,108,NA
crwd-5,Baseflow,Grab,1/5/11 11:15,1/5/11 11:15,146,NA
crwd-5,Baseflow,Grab,2/11/11 10:53,2/11/11 10:53,135,NA
crwd-5,Baseflow,Grab,2/23/11 15:43,2/23/11 15:43,1451,NA
crwd-5,Baseflow,Grab,3/7/11 11:00,3/7/11 11:00,3309,NA
crwd-5,Baseflow,Grab,5/2/11 10:25,5/2/11 10:25,115,NA
crwd-5,Baseflow,Grab,5/17/11 9:55,5/17/11 9:55,120,NA
crwd-5,Baseflow,Grab,5/19/11 15:30,5/19/11 15:30,129,NA
crwd-5,Baseflow,Grab,6/6/11 10:30,6/6/11 10:30,33,NA
crwd-5,Baseflow,Grab,6/30/11 9:20,6/30/11 9:20,27,NA
crwd-5,Baseflow,Grab,7/13/11 9:15,7/13/11 9:15,145,NA
crwd-5,Baseflow,Grab,8/2/11 11:15,8/2/11 11:15,108,NA
crwd-5,Baseflow,Grab,8/4/11 10:30,8/4/11 10:30,NA,NA
crwd-5,Baseflow,Grab,8/5/11 9:30,8/5/11 9:30,146,NA
crwd-5,Baseflow,Grab,8/18/11 10:20,8/18/11 10:20,138,NA
crwd-5,Baseflow,Grab,9/6/11 11:00,9/6/11 11:00,NA,NA
crwd-5,Baseflow,Composite,9/6/11 11:04,9/7/11 9:52,153,NA
crwd-5,Baseflow,Grab,9/23/11 10:00,9/23/11 10:00,158,NA
crwd-5,Baseflow,Grab,10/4/11 11:15,10/4/11 11:15,NA,NA
crwd-5,Baseflow,Composite,10/4/11 11:40,10/4/11 16:54,140,NA
crwd-5,Baseflow,Grab,10/6/11 11:00,10/6/11 11:00,142,NA
crwd-5,Baseflow,Grab,10/20/11 11:35,10/20/11 11:35,NA,NA
crwd-5,Baseflow,Grab,10/21/11 12:15,10/21/11 12:15,143,NA
crwd-5,Baseflow,Grab,10/31/11 12:05,10/31/11 12:05,NA,NA
crwd-5,Baseflow,Grab,10/31/11 14:45,10/31/11 14:45,144,NA
crwd-5,Baseflow,Grab,11/7/11 11:30,11/7/11 11:30,150,NA
crwd-5,Baseflow,Grab,11/22/11 12:10,11/22/11 12:10,496,NA
crwd-5,Baseflow,Grab,12/6/11 12:50,12/6/11 12:50,195,NA
crwd-5,Baseflow,Grab,1/4/12 12:30,1/4/12 12:30,245,NA
crwd-5,Baseflow,Grab,2/8/12 11:20,2/8/12 11:20,151,NA
crwd-5,Baseflow,Grab,3/19/12 9:10,3/19/12 9:10,150,NA
crwd-5,Baseflow,Composite,4/23/12 9:30,4/24/12 8:41,150,NA
crwd-5,Baseflow,Grab,4/24/12 9:40,4/24/12 9:40,NA,NA
crwd-5,Baseflow,Grab,5/10/12 11:00,5/10/12 11:00,NA,NA
crwd-5,Baseflow,Grab,5/11/12 8:50,5/11/12 8:50,158,NA
crwd-5,Baseflow,Grab,5/22/12 9:05,5/22/12 9:05,149,NA
crwd-5,Baseflow,Grab,6/4/12 10:40,6/4/12 10:40,NA,NA
crwd-5,Baseflow,Grab,6/5/12 8:45,6/5/12 8:45,25.2,NA
crwd-5,Baseflow,Grab,6/22/12 11:10,6/22/12 11:10,146,NA
crwd-5,Baseflow,Grab,7/2/12 9:40,7/2/12 9:40,NA,NA
crwd-5,Baseflow,Grab,7/16/12 9:30,7/16/12 9:30,151,NA
crwd-5,Baseflow,Composite,7/16/12 9:51,7/17/12 8:41,144,NA
crwd-5,Baseflow,Grab,7/31/12 11:08,7/31/12 11:08,NA,NA
crwd-5,Baseflow,Composite,7/31/12 11:25,8/1/12 8:42,144,NA
crwd-5,Baseflow,Grab,8/13/12 9:47,8/13/12 9:47,NA,NA
crwd-5,Baseflow,Composite,8/13/12 10:24,8/13/12 21:29,146,NA
crwd-5,Baseflow,Grab,8/27/12 10:04,8/27/12 10:04,NA,NA
crwd-5,Baseflow,Composite,8/27/12 10:29,8/27/12 12:55,142,NA
crwd-5,Baseflow,Grab,9/10/12 11:15,9/10/12 11:15,NA,NA
crwd-5,Baseflow,Composite,9/10/12 11:39,9/10/12 17:20,146,NA
crwd-5,Baseflow,Grab,9/24/12 9:45,9/24/12 9:45,NA,NA
crwd-5,Baseflow,Grab,9/26/12 14:10,9/26/12 14:10,150,NA
crwd-5,Baseflow,Grab,10/10/12 11:30,10/10/12 11:30,NA,NA
crwd-5,Baseflow,Composite,10/10/12 11:41,10/11/12 9:26,147,NA
crwd-5,Baseflow,Grab,10/30/12 9:50,10/30/12 9:50,NA,NA
crwd-5,Baseflow,Composite,10/30/12 10:16,10/30/12 16:50,149,NA
crwd-5,Baseflow,Grab,11/29/12 11:50,11/29/12 11:50,157,NA
crwd-5,Baseflow,Grab,12/21/12 11:50,12/21/12 11:50,180,NA
crwd-5,Baseflow,Grab,2/21/13 11:15,2/21/13 11:15,142,NA
crwd-5,Baseflow,Grab,3/6/13 9:55,3/6/13 9:55,210,NA
crwd-5,Baseflow,Grab,5/16/13 9:42,5/16/13 9:42,NA,NA
crwd-5,Baseflow,Grab,5/16/13 12:10,5/16/13 12:10,154,NA
crwd-5,Baseflow,Grab,6/3/13 9:25,6/3/13 9:25,132.5,NA
crwd-5,Baseflow,Grab,6/19/13 8:55,6/19/13 8:55,NA,NA
crwd-5,Baseflow,Composite,6/19/13 9:03,6/20/13 7:01,153.6,NA
crwd-5,Baseflow,Composite,7/16/13 11:14,7/17/13 9:02,146.5,NA
crwd-5,Baseflow,Grab,7/16/13 11:15,7/16/13 11:15,NA,NA
crwd-5,Baseflow,Grab,7/29/13 11:15,7/29/13 11:15,148.6,NA
crwd-5,Baseflow,Grab,8/12/13 9:20,8/12/13 9:20,NA,NA
crwd-5,Baseflow,Composite,8/12/13 9:47,8/13/13 8:46,154.2,NA
crwd-5,Baseflow,Grab,8/26/13 9:15,8/26/13 9:15,NA,NA
crwd-5,Baseflow,Composite,8/26/13 9:32,8/26/13 20:46,157.4,NA
crwd-5,Baseflow,Grab,9/10/13 9:30,9/10/13 9:30,NA,NA
crwd-5,Baseflow,Composite,9/10/13 17:01,9/10/13 21:31,149.6,NA
crwd-5,Baseflow,Grab,9/24/13 12:05,9/24/13 12:05,NA,NA
crwd-5,Baseflow,Composite,9/24/13 12:17,9/25/13 10:46,146.4,NA
crwd-5,Baseflow,Grab,10/9/13 11:15,10/9/13 11:15,NA,NA
crwd-5,Baseflow,Composite,10/9/13 11:18,10/10/13 9:17,156,NA
crwd-5,Baseflow,Grab,10/23/13 10:45,10/23/13 10:45,NA,NA
crwd-5,Baseflow,Composite,10/23/13 11:02,10/24/13 9:16,144.9,NA
crwd-5,Baseflow,Grab,11/7/13 10:10,11/7/13 10:10,NA,NA
crwd-5,Baseflow,Composite,11/7/13 11:17,11/7/13 22:46,138.4,NA
crwd-5,Baseflow,Grab,12/12/13 12:00,12/12/13 12:00,178,NA
crwd-5,Baseflow,Grab,1/22/14 11:20,1/22/14 11:20,254.6,NA
crwd-5,Baseflow,Grab,2/12/14 10:45,2/12/14 10:45,2969.5,NA
crwd-5,Baseflow,Grab,3/17/14 9:30,3/17/14 9:30,157.8,NA
crwd-5,Baseflow,Grab,4/11/14 9:20,4/11/14 9:20,190,NA
crwd-5,Baseflow,Grab,5/29/14 11:20,5/29/14 11:20,NA,NA
crwd-5,Baseflow,Composite,5/29/14 14:02,5/30/14 6:16,143.2,NA
crwd-5,Baseflow,Grab,7/21/14 11:15,7/21/14 11:15,167.8,NA
crwd-5,Baseflow,Grab,8/13/14 11:35,8/13/14 11:35,NA,NA
crwd-5,Baseflow,Grab,8/14/14 9:45,8/14/14 9:45,162.2,NA
crwd-5,Baseflow,Grab,9/8/14 11:05,9/8/14 11:05,NA,NA
crwd-5,Baseflow,Composite,9/8/14 11:17,9/9/14 9:46,154.6,NA
crwd-5,Baseflow,Grab,10/9/14 11:40,10/9/14 11:40,NA,NA
crwd-5,Baseflow,Composite,10/9/14 12:02,10/10/14 9:46,154.5,NA
crwd-5,Baseflow,Grab,11/20/14 11:35,11/20/14 11:35,162.7,NA
crwd-5,Baseflow,Grab,12/18/14 10:50,12/18/14 10:50,163.9,NA
crwd-5,Baseflow,Grab,1/15/15 9:50,1/15/15 9:50,210.6,NA
crwd-5,Baseflow,Grab,2/13/15 11:05,2/13/15 11:05,187.5,NA
crwd-5,Baseflow,Grab,3/19/15 11:40,3/19/15 11:40,NA,NA
crwd-5,Baseflow,Composite,3/19/15 12:02,3/20/15 8:46,182.8,NA
crwd-5,Baseflow,Composite,4/14/15 10:17,4/15/15 9:31,159,NA
crwd-5,Baseflow,Grab,4/15/15 10:00,4/15/15 10:00,NA,NA
crwd-5,Baseflow,Composite,5/12/15 9:32,5/13/15 9:01,149.6,NA
crwd-5,Baseflow,Grab,5/13/15 10:10,5/13/15 10:10,NA,NA
crwd-5,Baseflow,Composite,6/1/15 10:32,6/2/15 9:16,158.6,NA
crwd-5,Baseflow,Grab,6/2/15 10:00,6/2/15 10:00,NA,NA
crwd-5,Baseflow,Composite,6/29/15 11:17,6/29/15 19:01,152.2,NA
crwd-5,Baseflow,Grab,6/30/15 10:40,6/30/15 10:40,NA,NA
crwd-5,Baseflow,Grab,7/30/15 11:10,7/30/15 11:10,NA,NA
crwd-5,Baseflow,Composite,7/30/15 11:32,7/31/15 9:16,169.1,NA
crwd-5,Baseflow,Grab,8/27/15 9:40,8/27/15 9:40,155.2,NA
crwd-5,Baseflow,Grab,9/22/15 10:10,9/22/15 10:10,132.6,NA
crwd-5,Baseflow,Grab,10/19/15 9:45,10/19/15 9:45,NA,NA
crwd-5,Baseflow,Composite,10/19/15 10:02,10/20/15 9:02,146.7,NA
crwd-5,Baseflow,Grab,11/24/15 10:30,11/24/15 10:30,148.8,NA
crwd-5,Baseflow,Grab,12/21/15 9:45,12/21/15 9:45,163.5,NA
crwd-5,Baseflow,Grab,1/21/16 11:40,1/21/16 11:40,187.7,NA
crwd-5,Baseflow,Grab,2/25/16 10:30,2/25/16 10:30,174.2,NA
crwd-5,Baseflow,Grab,3/21/16 9:35,3/21/16 9:35,169.4,NA
crwd-5,Baseflow,Grab,4/26/16 11:00,4/26/16 11:00,153.7,NA
crwd-5,Baseflow,Grab,5/16/16 9:45,5/16/16 9:45,NA,NA
crwd-5,Baseflow,Grab,5/17/16 9:50,5/17/16 9:50,158.4,NA
crwd-5,Baseflow,Grab,6/20/16 10:50,6/20/16 10:50,NA,NA
crwd-5,Baseflow,Composite,6/20/16 11:17,6/21/16 9:31,169.7,NA
crwd-5,Baseflow,Grab,7/12/16 11:00,7/12/16 11:00,NA,NA
crwd-5,Baseflow,Composite,7/12/16 11:20,7/13/16 9:20,150.2,NA
crwd-5,Baseflow,Grab,9/19/16 10:45,9/19/16 10:45,NA,NA
crwd-5,Baseflow,Composite,9/19/16 17:01,9/20/16 9:01,155.6,NA
crwd-5,Baseflow,Grab,12/12/16 10:35,12/12/16 10:35,178.4,NA
crwd-5,Baseflow,Grab,8/29/19 9:17,8/29/19 9:17,152.3,NA
crwd-5,Baseflow,Grab,9/17/19 9:20,9/17/19 9:20,163.8,NA
crwd-5,Baseflow,Grab,11/14/19 10:20,11/14/19 10:20,171.4,NA
crwd-5,Baseflow,Grab,12/20/19 10:05,12/20/19 10:05,181.3,NA
crwd-5,Baseflow,Grab,1/13/20 10:20,1/13/20 10:20,236.2,NA
crwd-5,Baseflow,Grab,2/11/20 9:55,2/11/20 9:55,200.5,NA
crwd-5,Baseflow,Grab,3/10/20 8:15,3/10/20 8:15,175.3,NA
crwd-5,Baseflow,Grab,5/20/20 8:55,5/20/20 8:55,157,NA
crwd-5,Baseflow,Grab,6/15/20 8:58,6/15/20 8:58,85.9,NA
crwd-5,Baseflow,Grab,7/17/20 9:20,7/17/20 9:20,177,NA
crwd-5,Baseflow,Grab,8/5/20 9:40,8/5/20 9:40,154,NA
crwd-5,Baseflow,Composite,9/21/20 7:21,9/21/20 18:30,180,NA
crwd-5,Baseflow,Grab,9/22/20 8:55,9/22/20 8:55,NA,NA
crwd-5,Baseflow,Composite,10/15/20 7:45,10/16/20 10:31,160,NA
crwd-5,Baseflow,Grab,10/16/20 9:25,10/16/20 9:25,NA,NA
crwd-5,Baseflow,Grab,11/23/20 10:10,11/23/20 10:10,166,NA
crwd-5,Baseflow,Grab,12/15/20 10:30,12/15/20 10:30,167,NA
crwd-5,Baseflow,Grab,1/12/21 10:18,1/12/21 10:18,173,NA
crwd-5,Baseflow,Grab,2/22/21 10:20,2/22/21 10:20,1050,NA
crwd-5,Baseflow,Grab,3/29/21 8:55,3/29/21 8:55,180,NA
crwd-5,Baseflow,Grab,4/22/21 8:35,4/22/21 8:35,161,NA
crwd-5,Baseflow,Composite,5/10/21 7:44,5/10/21 19:39,165,NA
crwd-5,Baseflow,Grab,5/11/21 8:20,5/11/21 8:20,NA,NA
crwd-5,Baseflow,Composite,6/7/21 7:15,6/7/21 19:52,160,NA
crwd-5,Baseflow,Grab,6/8/21 8:35,6/8/21 8:35,NA,NA
crwd-5,Baseflow,Composite,7/19/21 7:00,7/19/21 9:59,181,NA
crwd-5,Baseflow,Grab,7/20/21 9:20,7/20/21 9:20,NA,NA
crwd-5,Baseflow,Composite,8/16/21 7:04,8/16/21 17:59,NA,NA
crwd-5,Baseflow,Grab,8/17/21 8:34,8/17/21 8:34,NA,NA
crwd-5,Baseflow,Grab,9/15/21 8:05,9/15/21 8:05,176,NA
crwd-5,Baseflow,Grab,10/12/21 8:45,10/12/21 8:45,173,NA
crwd-5,Baseflow,Grab,11/17/21 9:40,11/17/21 9:40,156,NA
crwd-5,Baseflow,Grab,12/9/21 10:05,12/9/21 10:05,187,NA
crwd-5,Snowmelt,Grab,3/30/05 11:40,3/30/05 11:40,51,NA
crwd-5,Snowmelt,Grab,3/12/07 14:10,3/12/07 14:10,140,NA
crwd-5,Snowmelt,Grab,3/14/08 14:14,3/14/08 14:14,470,NA
crwd-5,Snowmelt,Grab,3/19/08 14:35,3/19/08 14:35,93,NA
crwd-5,Snowmelt,Grab,3/6/09 12:25,3/6/09 12:25,395,NA
crwd-5,Snowmelt,Grab,2/14/11 11:38,2/14/11 11:38,1994,NA
crwd-5,Snowmelt,Grab,2/16/11 14:00,2/16/11 14:00,563,NA
crwd-5,Snowmelt,Grab,2/17/11 9:45,2/17/11 9:45,707,NA
crwd-5,Snowmelt,Grab,2/17/11 14:52,2/17/11 14:52,417,NA
crwd-5,Snowmelt,Grab,3/9/11 15:30,3/9/11 15:30,890,NA
crwd-5,Snowmelt,Grab,3/15/11 11:10,3/15/11 11:10,205,NA
crwd-5,Snowmelt,Grab,1/26/12 12:30,1/26/12 12:30,3330,NA
crwd-5,Snowmelt,Grab,3/6/12 15:00,3/6/12 15:00,64.8,NA
crwd-5,Snowmelt,Grab,4/3/13 15:30,4/3/13 15:30,118.1,NA
crwd-5,Snowmelt,Grab,4/23/13 14:12,4/23/13 14:12,158.2,NA
crwd-5,Snowmelt,Grab,2/18/14 13:40,2/18/14 13:40,3267.8,NA
crwd-5,Snowmelt,Grab,2/20/14 13:42,2/20/14 13:42,2946.9,NA
crwd-5,Snowmelt,Grab,3/10/14 13:14,3/10/14 13:14,1153.2,NA
crwd-5,Snowmelt,Grab,3/13/14 13:50,3/13/14 13:50,609.6,NA
crwd-5,Snowmelt,Grab,3/20/14 14:45,3/20/14 14:45,276.6,NA
crwd-5,Snowmelt,Grab,3/9/15 15:00,3/9/15 15:00,871.5,NA
crwd-5,Snowmelt,Grab,2/19/16 11:45,2/19/16 11:45,232.9,NA
crwd-5,Snowmelt,Grab,3/2/20 13:50,3/2/20 13:50,302.4,NA
crwd-5,Snowmelt,Grab,3/3/20 14:55,3/3/20 14:55,268.3,NA
crwd-5,Snowmelt,Grab,3/4/20 13:27,3/4/20 13:27,205.6,NA
crwd-5,Snowmelt,Grab,3/6/20 14:04,3/6/20 14:04,263.5,NA
crwd-5,Snowmelt,Grab,3/3/21 14:15,3/3/21 14:15,244,NA
crwd-5,Snowmelt,Grab,3/4/21 13:42,3/4/21 13:42,303,NA
crwd-5,Snowmelt,Grab,3/17/21 14:05,3/17/21 14:05,271,NA
crwd-5,Snowmelt,Grab,12/15/21 13:55,12/15/21 13:55,323,NA
crwd-5,Storm,Grab,4/19/05 15:00,4/19/05 15:00,57,NA
crwd-5,Storm,Grab,5/13/05 13:30,5/13/05 13:30,99,NA
crwd-5,Storm,Composite,5/16/05 14:35,5/16/05 20:42,15,NA
crwd-5,Storm,Composite,5/18/05 6:53,5/18/05 22:12,20,NA
crwd-5,Storm,Composite,6/6/05 13:45,6/6/05 13:45,110,NA
crwd-5,Storm,Composite,6/8/05 3:29,6/8/05 5:40,9,NA
crwd-5,Storm,Composite,6/12/05 21:23,6/13/05 18:34,68,NA
crwd-5,Storm,Composite,6/20/05 13:13,6/20/05 14:13,9,NA
crwd-5,Storm,Composite,6/27/05 18:43,6/27/05 20:39,6,NA
crwd-5,Storm,Composite,7/20/05 5:16,7/20/05 6:33,19,NA
crwd-5,Storm,Composite,8/3/05 23:43,8/4/05 1:04,6,NA
crwd-5,Storm,Composite,8/8/05 3:06,8/8/05 8:39,12,NA
crwd-5,Storm,Composite,8/9/05 14:13,8/9/05 15:30,5,NA
crwd-5,Storm,Composite,8/26/05 5:12,8/26/05 6:30,4,NA
crwd-5,Storm,Composite,9/3/05 15:46,9/4/05 2:30,13,NA
crwd-5,Storm,Composite,9/4/05 2:37,9/6/05 0:21,9,NA
crwd-5,Storm,Composite,9/12/05 20:19,9/13/05 4:20,11,NA
crwd-5,Storm,Composite,9/21/05 18:37,9/21/05 19:28,4,NA
crwd-5,Storm,Composite,10/4/05 20:05,10/4/05 20:52,3,NA
crwd-5,Storm,Composite,5/25/06 19:12,5/25/06 21:07,111,NA
crwd-5,Storm,Composite,6/5/06 0:00,6/5/06 0:00,39,NA
crwd-5,Storm,Composite,6/16/06 20:40,6/16/06 21:50,9,NA
crwd-5,Storm,Composite,7/19/06 10:03,7/19/06 10:35,11,NA
crwd-5,Storm,Grab,7/19/06 11:05,7/19/06 11:05,NA,NA
crwd-5,Storm,Composite,7/24/06 18:04,7/24/06 18:25,11,NA
crwd-5,Storm,Grab,8/1/06 11:15,8/1/06 11:15,NA,NA
crwd-5,Storm,Composite,8/13/06 11:27,8/13/06 14:50,31,NA
crwd-5,Storm,Composite,8/24/06 16:48,8/24/06 17:43,8,NA
crwd-5,Storm,Composite,9/3/06 15:54,9/3/06 16:56,7,NA
crwd-5,Storm,Grab,9/22/06 12:20,9/22/06 12:20,NA,NA
crwd-5,Storm,Grab,3/30/07 13:25,3/30/07 13:25,47,NA
crwd-5,Storm,Composite,7/18/07 15:21,7/18/07 17:56,12,NA
crwd-5,Storm,Composite,7/26/07 15:34,7/26/07 16:43,12,NA
crwd-5,Storm,Composite,8/11/07 3:52,8/11/07 4:53,8,NA
crwd-5,Storm,Composite,8/13/07 23:27,8/14/07 0:08,23,NA
crwd-5,Storm,Composite,8/18/07 11:21,8/18/07 18:58,26,NA
crwd-5,Storm,Composite,8/19/07 11:26,8/19/07 15:46,8,NA
crwd-5,Storm,Composite,8/21/07 3:28,8/21/07 5:05,8,NA
crwd-5,Storm,Composite,8/27/07 2:16,8/27/07 4:48,9,NA
crwd-5,Storm,Composite,8/28/07 3:11,8/28/07 5:13,13,NA
crwd-5,Storm,Composite,9/6/07 21:15,9/7/07 2:15,8,NA
crwd-5,Storm,Composite,9/18/07 11:25,9/18/07 13:57,6,NA
crwd-5,Storm,Composite,9/18/07 16:42,9/18/07 17:50,4,NA
crwd-5,Storm,Composite,9/20/07 18:20,9/20/07 19:28,3,NA
crwd-5,Storm,Composite,10/18/07 6:25,10/18/07 10:00,9,NA
crwd-5,Storm,Composite,10/18/07 9:21,10/18/07 23:53,18,NA
crwd-5,Storm,Composite,10/19/07 6:05,10/19/07 7:03,16,NA
crwd-5,Storm,Composite,4/21/08 22:48,4/22/08 1:28,20,NA
crwd-5,Storm,Grab,4/24/08 11:55,4/24/08 11:55,51,NA
crwd-5,Storm,Composite,4/24/08 17:59,4/24/08 19:56,13,NA
crwd-5,Storm,Composite,5/2/08 13:38,5/3/08 7:08,13,NA
crwd-5,Storm,Composite,6/5/08 17:03,6/5/08 19:08,9,NA
crwd-5,Storm,Composite,6/11/08 10:53,6/12/08 8:31,NA,NA
crwd-5,Storm,Composite,7/11/08 3:40,7/11/08 5:01,13,NA
crwd-5,Storm,Composite,7/11/08 21:07,7/11/08 22:06,19,NA
crwd-5,Storm,Composite,7/19/08 16:56,7/19/08 17:43,10,NA
crwd-5,Storm,Grab,7/31/08 11:25,7/31/08 11:25,NA,NA
crwd-5,Storm,Composite,8/3/08 23:51,8/4/08 1:34,11,NA
crwd-5,Storm,Grab,8/12/08 10:05,8/12/08 10:05,NA,NA
crwd-5,Storm,Composite,8/27/08 22:58,8/28/08 0:44,3,NA
crwd-5,Storm,Composite,9/11/08 4:29,9/11/08 11:46,13,NA
crwd-5,Storm,Grab,9/11/08 11:15,9/11/08 11:15,NA,NA
crwd-5,Storm,Composite,9/13/08 15:18,9/13/08 17:49,18,NA
crwd-5,Storm,Composite,9/14/08 15:32,9/14/08 18:08,22,NA
crwd-5,Storm,Composite,9/23/08 17:19,9/23/08 20:47,6,NA
crwd-5,Storm,Composite,10/5/08 9:55,10/5/08 11:14,15,NA
crwd-5,Storm,Composite,10/7/08 5:04,10/7/08 18:32,15,NA
crwd-5,Storm,Grab,10/7/08 9:59,10/7/08 9:59,NA,NA
crwd-5,Storm,Grab,10/13/08 10:59,10/13/08 10:59,NA,NA
crwd-5,Storm,Composite,11/6/08 1:13,11/6/08 9:46,26,NA
crwd-5,Storm,Grab,3/31/09 11:15,3/31/09 11:15,30,NA
crwd-5,Storm,Composite,6/6/09 11:58,6/6/09 16:51,27,NA
crwd-5,Storm,Composite,6/8/09 5:19,6/8/09 7:35,11,NA
crwd-5,Storm,Composite,6/16/09 4:31,6/16/09 7:33,12,NA
crwd-5,Storm,Composite,6/25/09 5:40,6/25/09 7:56,24,NA
crwd-5,Storm,Composite,6/27/09 3:18,6/27/09 8:48,14,NA
crwd-5,Storm,Composite,7/4/09 15:06,7/4/09 16:00,26,NA
crwd-5,Storm,Composite,7/21/09 5:55,7/21/09 9:28,12,NA
crwd-5,Storm,Grab,7/21/09 9:25,7/21/09 9:25,NA,NA
crwd-5,Storm,Composite,7/22/09 16:45,7/22/09 17:40,7,NA
crwd-5,Storm,Composite,7/31/09 22:28,7/31/09 22:59,4,NA
crwd-5,Storm,Composite,8/7/09 7:13,8/7/09 12:44,13,NA
crwd-5,Storm,Grab,8/7/09 10:10,8/7/09 10:10,NA,NA
crwd-5,Storm,Composite,8/19/09 3:30,8/19/09 4:50,20,NA
crwd-5,Storm,Grab,8/19/09 12:00,8/19/09 12:00,NA,NA
crwd-5,Storm,Composite,8/19/09 12:28,8/19/09 13:29,9,NA
crwd-5,Storm,Grab,8/20/09 13:08,8/20/09 13:08,11,NA
crwd-5,Storm,Grab,10/1/09 9:30,10/1/09 9:30,NA,NA
crwd-5,Storm,Composite,10/1/09 15:35,10/1/09 18:14,7,NA
crwd-5,Storm,Grab,10/6/09 9:32,10/6/09 9:32,NA,NA
crwd-5,Storm,Composite,10/21/09 9:58,10/21/09 12:54,40,NA
crwd-5,Storm,Composite,10/23/09 9:12,10/23/09 16:37,16,NA
crwd-5,Storm,Composite,10/29/09 11:25,10/30/09 1:09,24,NA
crwd-5,Storm,Grab,3/10/10 9:52,3/10/10 9:52,115,NA
crwd-5,Storm,Grab,5/7/10 9:30,5/7/10 9:30,NA,NA
crwd-5,Storm,Composite,5/7/10 9:31,5/7/10 22:01,24,NA
crwd-5,Storm,Composite,5/10/10 19:46,5/11/10 14:01,21,NA
crwd-5,Storm,Grab,5/11/10 9:10,5/11/10 9:10,NA,NA
crwd-5,Storm,Composite,5/13/10 2:21,5/13/10 4:31,21,NA
crwd-5,Storm,Composite,5/13/10 10:43,5/13/10 13:29,7,NA
crwd-5,Storm,Composite,5/22/10 11:56,5/22/10 12:23,43,NA
crwd-5,Storm,Composite,5/25/10 20:50,5/25/10 23:49,13,NA
crwd-5,Storm,Composite,6/4/10 3:15,6/4/10 5:12,10,NA
crwd-5,Storm,Composite,6/8/10 5:58,6/8/10 11:27,12,NA
crwd-5,Storm,Grab,6/8/10 9:25,6/8/10 9:25,NA,NA
crwd-5,Storm,Composite,6/11/10 3:29,6/11/10 8:16,7,NA
crwd-5,Storm,Grab,6/14/10 10:35,6/14/10 10:35,NA,NA
crwd-5,Storm,Composite,6/23/10 4:01,6/23/10 6:20,26,NA
crwd-5,Storm,Composite,6/25/10 18:14,6/25/10 19:43,3,NA
crwd-5,Storm,Composite,7/7/10 15:34,7/7/10 15:57,10,NA
crwd-5,Storm,Composite,7/17/10 20:56,7/17/10 22:02,2,NA
crwd-5,Storm,Composite,7/27/10 20:30,7/27/10 21:14,23,NA
crwd-5,Storm,Composite,8/8/10 1:46,8/8/10 3:14,6,NA
crwd-5,Storm,Composite,8/10/10 10:29,8/10/10 11:43,8,NA
crwd-5,Storm,Grab,8/10/10 11:12,8/10/10 11:12,NA,NA
crwd-5,Storm,Composite,8/31/10 3:58,8/31/10 5:10,6,NA
crwd-5,Storm,Composite,9/15/10 5:40,9/15/10 7:19,12,NA
crwd-5,Storm,Composite,9/15/10 12:22,9/15/10 13:20,18,NA
crwd-5,Storm,Composite,9/21/10 1:11,9/21/10 3:00,10,NA
crwd-5,Storm,Composite,9/22/10 21:08,9/22/10 23:19,8,NA
crwd-5,Storm,Grab,9/23/10 11:25,9/23/10 11:25,NA,NA
crwd-5,Storm,Composite,10/24/10 2:29,10/24/10 4:30,24,NA
crwd-5,Storm,Grab,3/22/11 9:30,3/22/11 9:30,25,NA
crwd-5,Storm,Grab,4/26/11 9:45,4/26/11 9:45,9,NA
crwd-5,Storm,Grab,5/9/11 9:15,5/9/11 9:15,26,NA
crwd-5,Storm,Grab,6/15/11 9:20,6/15/11 9:20,20,NA
crwd-5,Storm,Grab,7/14/11 10:30,7/14/11 10:30,110,NA
crwd-5,Storm,Grab,7/15/11 10:30,7/15/11 10:30,7,NA
crwd-5,Storm,Grab,3/22/12 11:35,3/22/12 11:35,87.6,NA
crwd-5,Storm,Composite,4/17/12 23:36,4/18/12 0:48,18.9,NA
crwd-5,Storm,Composite,4/21/12 21:26,4/22/12 0:53,20.4,NA
crwd-5,Storm,Composite,5/1/12 22:10,5/2/12 1:58,8.5,NA
crwd-5,Storm,Composite,5/3/12 10:36,5/3/12 12:35,16.7,NA
crwd-5,Storm,Composite,5/4/12 18:59,5/4/12 20:43,11.6,NA
crwd-5,Storm,Composite,5/5/12 14:36,5/5/12 16:14,4.6,NA
crwd-5,Storm,Composite,5/23/12 21:06,5/24/12 2:49,14.3,NA
crwd-5,Storm,Grab,5/24/12 8:40,5/24/12 8:40,NA,NA
crwd-5,Storm,Composite,6/14/12 10:13,6/14/12 13:46,12.1,NA
crwd-5,Storm,Grab,6/14/12 10:25,6/14/12 10:25,NA,NA
crwd-5,Storm,Composite,6/16/12 9:33,6/16/12 12:34,8.2,NA
crwd-5,Storm,Composite,7/6/12 19:04,7/7/12 0:33,15.6,NA
crwd-5,Storm,Composite,7/13/12 4:17,7/13/12 7:21,11.5,NA
crwd-5,Storm,Composite,7/18/12 2:45,7/18/12 3:39,13.5,NA
crwd-5,Storm,Composite,7/18/12 10:27,7/18/12 11:53,3.6,NA
crwd-5,Storm,Grab,7/18/12 11:15,7/18/12 11:15,2.6,NA
crwd-5,Storm,Composite,7/24/12 6:10,7/24/12 11:19,11.8,NA
crwd-5,Storm,Grab,7/24/12 9:10,7/24/12 9:10,NA,NA
crwd-5,Storm,Composite,7/29/12 5:48,7/29/12 9:53,12.9,NA
crwd-5,Storm,Composite,8/3/12 23:43,8/4/12 2:10,8.9,NA
crwd-5,Storm,Grab,8/15/12 9:30,8/15/12 9:30,NA,NA
crwd-5,Storm,Composite,10/19/12 6:25,10/19/12 15:41,108,NA
crwd-5,Storm,Composite,10/24/12 15:33,10/25/12 6:08,105,NA
crwd-5,Storm,Grab,10/25/12 11:43,10/25/12 11:43,NA,NA
crwd-5,Storm,Grab,4/9/13 14:30,4/9/13 14:30,90.7,NA
crwd-5,Storm,Grab,5/1/13 9:30,5/1/13 9:30,98.1,NA
crwd-5,Storm,Composite,5/18/13 8:35,5/18/13 11:21,7,NA
crwd-5,Storm,Composite,6/9/13 4:18,6/9/13 8:18,25.2,NA
crwd-5,Storm,Composite,6/12/13 9:48,6/12/13 13:03,8.9,NA
crwd-5,Storm,Composite,6/15/13 15:33,6/15/13 18:16,7.6,NA
crwd-5,Storm,Composite,6/21/13 3:02,6/21/13 5:36,7.9,NA
crwd-5,Storm,Composite,6/21/13 20:18,6/21/13 22:31,8.9,NA
crwd-5,Storm,Composite,6/22/13 3:47,6/22/13 4:10,5.6,NA
crwd-5,Storm,Grab,7/9/13 9:40,7/9/13 9:40,NA,NA
crwd-5,Storm,Composite,7/13/13 4:33,7/13/13 7:53,7.3,NA
crwd-5,Storm,Composite,8/5/13 2:48,8/5/13 6:02,15.1,NA
crwd-5,Storm,Composite,8/6/13 20:03,8/6/13 22:47,19.2,NA
crwd-5,Storm,Composite,8/29/13 5:32,8/29/13 7:01,9,NA
crwd-5,Storm,Composite,9/14/13 20:32,9/14/13 22:16,19.1,NA
crwd-5,Storm,Composite,9/15/13 4:16,9/15/13 5:47,25.7,NA
crwd-5,Storm,Grab,9/18/13 8:55,9/18/13 8:55,NA,NA
crwd-5,Storm,Composite,9/19/13 11:31,9/19/13 13:31,14,NA
crwd-5,Storm,Composite,10/2/13 21:47,10/3/13 1:01,6.1,NA
crwd-5,Storm,Composite,10/14/13 23:46,10/15/13 14:44,28,NA
crwd-5,Storm,Grab,3/27/14 14:10,3/27/14 14:10,55.3,NA
crwd-5,Storm,Composite,4/24/14 7:46,4/24/14 14:01,18.6,NA
crwd-5,Storm,Grab,4/24/14 10:45,4/24/14 10:45,NA,NA
crwd-5,Storm,Composite,4/28/14 10:17,4/28/14 13:47,8.1,NA
crwd-5,Storm,Grab,5/19/14 12:20,5/19/14 12:20,NA,NA
crwd-5,Storm,Composite,5/19/14 12:46,5/19/14 13:36,4.1,NA
crwd-5,Storm,Composite,5/31/14 22:01,6/1/14 6:15,7.6,NA
crwd-5,Storm,Grab,6/19/14 9:25,6/19/14 9:25,NA,NA
crwd-5,Storm,Grab,7/11/14 9:45,7/11/14 9:45,NA,NA
crwd-5,Storm,Composite,7/25/14 6:17,7/25/14 8:16,33.1,NA
crwd-5,Storm,Grab,7/25/14 8:55,7/25/14 8:55,NA,NA
crwd-5,Storm,Composite,8/18/14 0:17,8/18/14 4:01,12.3,NA
crwd-5,Storm,Composite,8/21/14 6:50,8/21/14 9:01,23,NA
crwd-5,Storm,Grab,8/21/14 9:15,8/21/14 9:15,NA,NA
crwd-5,Storm,Composite,8/30/14 1:46,8/30/14 4:01,5.3,NA
crwd-5,Storm,Composite,8/31/14 22:47,9/1/14 2:01,14,NA
crwd-5,Storm,Composite,9/9/14 21:47,9/10/14 2:01,20.2,NA
crwd-5,Storm,Composite,10/1/14 8:47,10/1/14 16:01,16,NA
crwd-5,Storm,Grab,10/1/14 9:35,10/1/14 9:35,NA,NA
crwd-5,Storm,Composite,10/2/14 13:22,10/2/14 20:46,15.7,NA
crwd-5,Storm,Composite,3/29/15 5:02,3/29/15 5:32,344.8,NA
crwd-5,Storm,Composite,4/1/15 21:02,4/1/15 23:01,99.4,NA
crwd-5,Storm,Composite,4/9/15 8:47,4/9/15 21:16,43.6,NA
crwd-5,Storm,Grab,4/9/15 10:05,4/9/15 10:05,NA,NA
crwd-5,Storm,Composite,4/12/15 22:02,4/13/15 1:48,33.1,NA
crwd-5,Storm,Composite,5/3/15 17:47,5/3/15 19:31,37,NA
crwd-5,Storm,Composite,5/7/15 18:02,5/7/15 19:16,13.7,NA
crwd-5,Storm,Composite,5/10/15 22:32,5/11/15 1:46,13.6,NA
crwd-5,Storm,Composite,5/14/15 16:17,5/14/15 21:01,33.3,NA
crwd-5,Storm,Composite,5/26/15 14:02,5/26/15 20:01,24.1,NA
crwd-5,Storm,Composite,5/29/15 4:02,5/29/15 6:17,9.8,NA
crwd-5,Storm,Composite,6/3/15 13:17,6/3/15 14:19,10.2,NA
crwd-5,Storm,Composite,6/7/15 0:02,6/7/15 1:47,7.6,NA
crwd-5,Storm,Composite,6/17/15 14:17,6/17/15 16:46,9.6,NA
crwd-5,Storm,Composite,6/20/15 6:16,6/20/15 8:20,12.7,NA
crwd-5,Storm,Composite,6/22/15 8:03,6/22/15 10:01,11.7,NA
crwd-5,Storm,Grab,6/22/15 9:45,6/22/15 9:45,NA,NA
crwd-5,Storm,Composite,6/28/15 16:32,6/28/15 17:16,6.9,NA
crwd-5,Storm,Composite,7/6/15 4:03,7/6/15 13:01,7.5,NA
crwd-5,Storm,Grab,7/6/15 9:55,7/6/15 9:55,NA,NA
crwd-5,Storm,Composite,7/12/15 23:32,7/13/15 1:43,6.2,NA
crwd-5,Storm,Composite,7/18/15 1:03,7/18/15 1:25,5.3,NA
crwd-5,Storm,Composite,7/28/15 7:02,7/28/15 9:01,9.1,NA
crwd-5,Storm,Grab,7/28/15 9:35,7/28/15 9:35,NA,NA
crwd-5,Storm,Composite,8/6/15 12:47,8/7/15 2:46,12.1,NA
crwd-5,Storm,Composite,8/16/15 20:33,8/16/15 22:46,6.8,NA
crwd-5,Storm,Composite,8/18/15 12:17,8/18/15 15:46,7.2,NA
crwd-5,Storm,Composite,8/22/15 21:02,8/23/15 0:16,9.6,NA
crwd-5,Storm,Composite,9/2/15 4:17,9/2/15 5:31,18.8,NA
crwd-5,Storm,Composite,9/17/15 6:02,9/17/15 7:35,2.8,NA
crwd-5,Storm,Composite,10/8/15 4:34,10/8/15 5:47,16.7,NA
crwd-5,Storm,Composite,10/23/15 13:17,10/23/15 16:17,18.3,NA
crwd-5,Storm,Composite,10/31/15 3:18,10/31/15 9:02,26.1,NA
crwd-5,Storm,Composite,11/11/15 19:20,11/12/15 0:07,4.8,NA
crwd-5,Storm,Composite,11/17/15 6:02,11/17/15 16:17,6.7,NA
crwd-5,Storm,Grab,11/17/15 10:00,11/17/15 10:00,NA,NA
crwd-5,Storm,Grab,3/30/16 10:20,3/30/16 10:20,NA,NA
crwd-5,Storm,Composite,4/24/16 7:32,4/24/16 13:31,24.2,NA
crwd-5,Storm,Composite,4/25/16 9:16,4/25/16 11:01,13.4,NA
crwd-5,Storm,Composite,4/27/16 17:32,4/28/16 10:31,29.4,NA
crwd-5,Storm,Composite,4/28/16 16:31,4/29/16 0:01,24.2,NA
crwd-5,Storm,Grab,5/10/16 10:20,5/10/16 10:20,NA,NA
crwd-5,Storm,Composite,5/25/16 10:32,5/26/16 6:01,34.8,NA
crwd-5,Storm,Composite,6/13/16 1:16,6/13/16 9:01,12.8,NA
crwd-5,Storm,Composite,6/14/16 13:02,6/14/16 19:46,12.8,NA
crwd-5,Storm,Grab,8/4/16 9:50,8/4/16 9:50,NA,NA
crwd-5,Storm,Composite,8/10/16 21:02,8/11/16 1:47,5.7,NA
crwd-5,Storm,Composite,8/23/16 22:47,8/24/16 3:01,5.2,NA
crwd-5,Storm,Grab,9/6/16 11:00,9/6/16 11:00,NA,NA
crwd-5,Storm,Composite,9/15/16 16:47,9/15/16 21:31,8.2,NA
crwd-5,Storm,Composite,9/21/16 20:47,9/21/16 22:46,8.8,NA
crwd-5,Storm,Composite,9/23/16 16:17,9/23/16 20:01,15.3,NA
crwd-5,Storm,Grab,8/20/19 10:25,8/20/19 10:25,NA,NA
crwd-5,Storm,Grab,9/12/19 8:45,9/12/19 8:45,NA,NA
crwd-5,Storm,Composite,10/2/19 13:35,10/2/19 18:47,20.4,NA
crwd-5,Storm,Grab,10/21/19 8:25,10/21/19 8:25,NA,NA
crwd-5,Storm,Grab,11/21/19 9:15,11/21/19 9:15,71,NA
crwd-5,Storm,Grab,7/14/20 9:00,7/14/20 9:00,NA,NA
crwd-5,Storm,Grab,3/10/21 11:45,3/10/21 11:45,919,NA
crwd-5,Storm,Grab,3/24/21 8:34,3/24/21 8:34,34.5,NA
crwd-5,Storm,Composite,5/21/21 2:13,5/21/21 8:23,11.3,NA
crwd-5,Storm,Composite,5/25/21 2:49,5/25/21 3:56,19.3,NA
crwd-5,Storm,Composite,5/27/21 6:20,5/28/21 15:25,16.6,NA
crwd-5,Storm,Grab,5/27/21 9:00,5/27/21 9:00,NA,NA
crwd-5,Storm,Composite,7/14/21 13:21,7/14/21 15:51,22,NA
crwd-5,Storm,Composite,8/5/21 21:31,8/5/21 22:43,13,NA
crwd-5,Storm,Composite,8/7/21 5:14,8/7/21 7:22,7.8,NA
crwd-5,Storm,Composite,8/24/21 6:08,8/24/21 7:56,7.6,NA
crwd-5,Storm,Grab,8/24/21 9:25,8/24/21 9:25,NA,NA
crwd-5,Storm,Composite,8/26/21 13:34,8/26/21 14:24,5,<
crwd-5,Storm,Grab,10/28/21 8:40,10/28/21 8:40,NA,NA